group,axis,config_id,scenario,cbr_level,algo,scheduling,pkeep,denm_copies,seed,prr,denm_prr,cam_prr,cbr,latency_ms,harm_int,harm_peak,denm_tx,msg_total,msg_decoded
main,scenario,basic_algo,basic,na,1,sps,0.0,1,1,0.993902,1.0,0.9977476666666667,0.0256658,10.689,76.32198000000008,18.99514,28,286,286
main,scenario,basic_algo,basic,na,1,sps,0.0,1,2,0.991935,1.0,0.996124,0.030787,9.79438,65.24281250000007,18.0875,29,296,296
main,scenario,basic_algo,basic,na,1,sps,0.0,1,3,0.997942,1.0,0.998062,0.032225,10.1325,76.32198000000008,18.99514,28,291,291
main,scenario,basic_algo,basic,na,1,sps,0.0,1,4,0.997976,1.0,1.0,0.0279429,9.1947,76.5975000000001,19.0325,28,290,290
main,scenario,basic_algo,basic,na,1,sps,0.0,1,5,0.981855,1.0,0.9810279999999999,0.0355855,11.7622,76.5975000000001,19.0325,28,286,286
main,scenario,basic_noalgo,basic,na,0,sps,0.0,1,1,0.992187,1.0,0.9913793333333333,0.0178061,10.7814,14.01572971000011,5.82,15,416,416
main,scenario,basic_noalgo,basic,na,0,sps,0.0,1,2,0.993878,1.0,0.9929076666666666,0.0261482,10.8314,7.8295389349999995,4.06707,13,397,397
main,scenario,basic_noalgo,basic,na,0,sps,0.0,1,3,1.0,1.0,1.0,0.0270967,9.86087,14.01572971000011,5.82,15,427,427
main,scenario,basic_noalgo,basic,na,0,sps,0.0,1,4,0.998062,1.0,1.0,0.0255404,9.81249,14.01572971000011,5.82,15,425,425
main,scenario,basic_noalgo,basic,na,0,sps,0.0,1,5,0.984496,1.0,0.9793006666666667,0.0341916,11.5641,14.01572971000011,5.82,15,415,415
main,cbr_sweep,highway_high_algo,highway_high,high,1,sps,0.0,1,1,0.976755,0.9404434583333331,0.9839019166666666,1.0,14.118,8672.618375936636,538.1391485390001,1142,433404,433404
main,cbr_sweep,highway_high_algo,highway_high,high,1,sps,0.0,1,2,0.972564,0.9361930799999993,0.9807237662337661,1.0,14.1741,12201.856394637518,712.5665946399998,1211,473268,473268
main,cbr_sweep,highway_high_algo,highway_high,high,1,sps,0.0,1,3,0.974602,0.9573487460317461,0.9809382222222217,1.0,13.6091,6254.15859881431,383.234351,1073,376847,376847
main,cbr_sweep,highway_high_algo,highway_high,high,1,sps,0.0,1,4,0.973742,0.9417582077922076,0.9815091168831166,1.0,14.8379,6557.727795453966,393.8173446499999,1380,482990,482990
main,cbr_sweep,highway_high_algo,highway_high,high,1,sps,0.0,1,5,0.97498,0.9518579066666666,0.9809474133333334,1.0,14.4244,7190.270246256523,475.66476593000016,1293,438239,438239
main,cbr_sweep,highway_high_noalgo,highway_high,high,0,sps,0.0,1,1,0.982649,1.0,0.985777880952381,1.0,13.2458,12498.586992055467,642.1811414540002,8,547585,547585
main,cbr_sweep,highway_high_noalgo,highway_high,high,0,sps,0.0,1,2,0.97903,1.0,0.9830087142857141,1.0,13.3587,14921.478332017376,700.7224064899992,8,538908,538908
main,cbr_sweep,highway_high_noalgo,highway_high,high,0,sps,0.0,1,3,0.980055,0.9848128,0.9853909176470589,1.0,13.0969,10200.926862523389,587.3328088539989,38,553830,553830
main,cbr_sweep,highway_high_noalgo,highway_high,high,0,sps,0.0,1,4,0.980199,0.982143,0.9820478850574708,1.0,13.3651,8311.839898110355,458.7266973199994,6,587573,587573
main,cbr_sweep,highway_high_noalgo,highway_high,high,0,sps,0.0,1,5,0.98075,1.0,0.9833003529411768,1.0,13.2206,7840.221911793516,431.2584769999999,10,539908,539908
main,cbr_sweep,highway_low_algo,highway_low,low,1,sps,0.0,1,1,0.987052,0.9755092083333331,0.9893611600000001,1.0,11.7234,1302.8519478687992,86.674992,342,40605,40605
main,cbr_sweep,highway_low_algo,highway_low,low,1,sps,0.0,1,2,0.987869,0.9867760400000001,0.9918532800000002,1.0,11.7894,1421.4914496210001,136.575474,310,40668,40668
main,cbr_sweep,highway_low_algo,highway_low,low,1,sps,0.0,1,3,0.989888,0.9801080000000001,0.9938853999999999,1.0,11.6012,765.0803845800004,66.39453400000001,308,32204,32204
main,cbr_sweep,highway_low_algo,highway_low,low,1,sps,0.0,1,4,0.982163,0.9506645652173915,0.98392372,1.0,11.7708,1246.6568806850003,101.15430200000002,372,44097,44097
main,cbr_sweep,highway_low_algo,highway_low,low,1,sps,0.0,1,5,0.985874,0.9725104166666666,0.9907382000000001,1.0,12.395,1345.1380365739997,93.53266284,408,42859,42859
main,cbr_sweep,highway_low_noalgo,highway_low,low,0,sps,0.0,1,1,0.988758,1.0,0.9852510000000002,1.0,11.2952,1483.4041197309991,78.35434360000002,4,45838,45838
main,cbr_sweep,highway_low_noalgo,highway_low,low,0,sps,0.0,1,2,0.989946,1.0,0.9935807999999998,1.0,11.3503,1277.2172066569997,66.88255807,4,45430,45430
main,cbr_sweep,highway_low_noalgo,highway_low,low,0,sps,0.0,1,3,0.986178,1.0,0.9818481600000003,1.0,11.4207,1218.1931682029992,70.16941439999997,8,45986,45986
main,cbr_sweep,highway_low_noalgo,highway_low,low,0,sps,0.0,1,4,0.987412,1.0,0.98549064,1.0,11.3187,810.4891630279997,45.09682599999999,4,45057,45057
main,cbr_sweep,highway_low_noalgo,highway_low,low,0,sps,0.0,1,5,0.989532,1.0,0.99237608,1.0,11.8447,1402.034001853,67.04383150000001,4,51142,51142
main,cbr_sweep,highway_mid_algo,highway_mid,mid,1,sps,0.0,1,1,0.982655,0.9813379310344827,0.9880913103448276,1.0,11.6315,1719.1723275826248,162.56452851000006,394,104866,104866
main,cbr_sweep,highway_mid_algo,highway_mid,mid,1,sps,0.0,1,2,0.97855,0.9424553384615385,0.9846502000000003,1.0,14.0526,10448.928780148588,582.5873248600001,1068,332986,332986
main,cbr_sweep,highway_mid_algo,highway_mid,mid,1,sps,0.0,1,3,0.975023,0.9751759687500001,0.9832013437499997,1.0,12.2044,2637.0084170432197,214.12971560000003,464,121366,121366
main,cbr_sweep,highway_mid_algo,highway_mid,mid,1,sps,0.0,1,4,0.982516,0.9707956486486484,0.9876282432432433,1.0,12.0105,2939.00013108615,196.52549282999996,562,149235,149235
main,cbr_sweep,highway_mid_algo,highway_mid,mid,1,sps,0.0,1,5,0.976831,0.9527219843749998,0.9851996984126983,1.0,13.6119,4373.168435885331,284.564064976,1173,315070,315070
main,cbr_sweep,highway_mid_noalgo,highway_mid,mid,0,sps,0.0,1,1,0.984347,0.9722223333333333,0.9873932112676056,1.0,12.2548,10207.361947910136,597.6074539599996,10,394297,394297
main,cbr_sweep,highway_mid_noalgo,highway_mid,mid,0,sps,0.0,1,2,0.985392,1.0,0.987632458333333,1.0,12.8658,13323.3265770658,710.7779216700001,4,391501,391501
main,cbr_sweep,highway_mid_noalgo,highway_mid,mid,0,sps,0.0,1,3,0.982619,0.9776655,0.9866579863013697,1.0,12.7535,8731.57987029584,544.2469420940001,14,385463,385463
main,cbr_sweep,highway_mid_noalgo,highway_mid,mid,0,sps,0.0,1,4,0.985152,0.9857888571428572,0.9872922972972973,1.0,12.3147,6954.814763667426,391.15616064000017,20,394080,394080
main,cbr_sweep,highway_mid_noalgo,highway_mid,mid,0,sps,0.0,1,5,0.983974,0.9972883333333332,0.9875298309859156,1.0,12.5221,5607.708877832306,325.6262541299999,22,385490,385490
main,scenario,organic_basic_algo,organic_basic,na,1,sps,0.0,1,1,0.987448,nan,0.9822443333333334,0.0237371,11.3301,nan,nan,0,394,394
main,scenario,organic_basic_algo,organic_basic,na,1,sps,0.0,1,2,0.997788,nan,1.0,0.0359923,10.7879,nan,nan,0,384,384
main,scenario,organic_basic_algo,organic_basic,na,1,sps,0.0,1,3,0.997881,nan,0.9973960000000001,0.0334231,10.0417,nan,nan,0,407,407
main,scenario,organic_basic_algo,organic_basic,na,1,sps,0.0,1,4,0.989627,nan,0.9889193333333334,0.0260509,10.2224,nan,nan,0,400,400
main,scenario,organic_basic_algo,organic_basic,na,1,sps,0.0,1,5,0.997917,nan,0.9970236666666666,0.0278682,10.5848,nan,nan,0,403,403
main,scenario,organic_basic_noalgo,organic_basic,na,0,sps,0.0,1,1,0.987448,nan,0.9822443333333334,0.0237371,11.3301,nan,nan,0,394,394
main,scenario,organic_basic_noalgo,organic_basic,na,0,sps,0.0,1,2,0.997788,nan,1.0,0.0359923,10.7879,nan,nan,0,384,384
main,scenario,organic_basic_noalgo,organic_basic,na,0,sps,0.0,1,3,0.997881,nan,0.9973960000000001,0.0334231,10.0417,nan,nan,0,407,407
main,scenario,organic_basic_noalgo,organic_basic,na,0,sps,0.0,1,4,0.989627,nan,0.9889193333333334,0.0260509,10.2224,nan,nan,0,400,400
main,scenario,organic_basic_noalgo,organic_basic,na,0,sps,0.0,1,5,0.997917,nan,0.9970236666666666,0.0278682,10.5848,nan,nan,0,403,403
network,denm_copies,hwmid_copies1_algo,highway_mid,mid,1,sps,0.0,1,1,0.982655,0.9813379310344827,0.9880913103448276,1.0,11.6315,1719.1723275826248,162.56452851000006,394,104866,104866
network,denm_copies,hwmid_copies1_algo,highway_mid,mid,1,sps,0.0,1,2,0.97855,0.9424553384615385,0.9846502000000003,1.0,14.0526,10448.928780148588,582.5873248600001,1068,332986,332986
network,denm_copies,hwmid_copies1_algo,highway_mid,mid,1,sps,0.0,1,3,0.975023,0.9751759687500001,0.9832013437499997,1.0,12.2044,2637.0084170432197,214.12971560000003,464,121366,121366
network,denm_copies,hwmid_copies1_algo,highway_mid,mid,1,sps,0.0,1,4,0.982516,0.9707956486486484,0.9876282432432433,1.0,12.0105,2939.00013108615,196.52549282999996,562,149235,149235
network,denm_copies,hwmid_copies1_algo,highway_mid,mid,1,sps,0.0,1,5,0.976831,0.9527219843749998,0.9851996984126983,1.0,13.6119,4373.168435885331,284.564064976,1173,315070,315070
network,denm_copies,hwmid_copies1_noalgo,highway_mid,mid,0,sps,0.0,1,1,0.984347,0.9722223333333333,0.9873932112676056,1.0,12.2548,10207.361947910136,597.6074539599996,10,394297,394297
network,denm_copies,hwmid_copies1_noalgo,highway_mid,mid,0,sps,0.0,1,2,0.985392,1.0,0.987632458333333,1.0,12.8658,13323.3265770658,710.7779216700001,4,391501,391501
network,denm_copies,hwmid_copies1_noalgo,highway_mid,mid,0,sps,0.0,1,3,0.982619,0.9776655,0.9866579863013697,1.0,12.7535,8731.57987029584,544.2469420940001,14,385463,385463
network,denm_copies,hwmid_copies1_noalgo,highway_mid,mid,0,sps,0.0,1,4,0.985152,0.9857888571428572,0.9872922972972973,1.0,12.3147,6954.814763667426,391.15616064000017,20,394080,394080
network,denm_copies,hwmid_copies1_noalgo,highway_mid,mid,0,sps,0.0,1,5,0.983974,0.9972883333333332,0.9875298309859156,1.0,12.5221,5607.708877832306,325.6262541299999,22,385490,385490
network,denm_copies,hwmid_copies2_algo,highway_mid,mid,1,sps,0.0,2,1,0.983848,0.9659341724137933,0.9900803103448276,1.0,11.7834,1912.2719357642716,185.92623538000007,463,104734,104734
network,denm_copies,hwmid_copies2_algo,highway_mid,mid,1,sps,0.0,2,2,0.977919,0.9400307076923078,0.9846032153846154,1.0,14.1313,10448.928780148588,582.5873248600001,1163,333451,333451
network,denm_copies,hwmid_copies2_algo,highway_mid,mid,1,sps,0.0,2,3,0.974664,0.9725362812499999,0.9831068749999996,1.0,12.2536,2637.0084170432197,214.12971560000003,508,121364,121364
network,denm_copies,hwmid_copies2_algo,highway_mid,mid,1,sps,0.0,2,4,nan,nan,nan,nan,nan,3284.15978277422,225.78050646000003,0,153717,153717
network,denm_copies,hwmid_copies2_algo,highway_mid,mid,1,sps,0.0,2,5,0.976729,0.9510070000000002,0.9850449365079365,1.0,13.7792,4361.915127425525,278.3166258759999,1298,314602,314602
network,denm_copies,hwmid_copies2_noalgo,highway_mid,mid,0,sps,0.0,2,1,0.98433,0.9814813333333333,0.9873673943661972,1.0,12.2578,10207.361947910136,597.6074539599996,14,394342,394342
network,denm_copies,hwmid_copies2_noalgo,highway_mid,mid,0,sps,0.0,2,2,0.985379,0.96,0.9876331527777774,1.0,12.8668,13323.3265770658,710.7779216700001,5,391468,391468
network,denm_copies,hwmid_copies2_noalgo,highway_mid,mid,0,sps,0.0,2,3,0.98259,0.9844158333333333,0.9866552054794516,1.0,12.7515,8731.57987029584,544.2469420940001,20,385477,385477
network,denm_copies,hwmid_copies2_noalgo,highway_mid,mid,0,sps,0.0,2,4,0.985025,0.9899307142857143,0.9872050675675677,1.0,12.3371,6954.814763667426,391.15616064000017,29,393983,393983
network,denm_copies,hwmid_copies2_noalgo,highway_mid,mid,0,sps,0.0,2,5,0.983989,0.9981921666666667,0.9875435352112677,1.0,12.5444,5607.708877832306,325.6262541299999,32,385442,385442
network,denm_copies,hwmid_copies3_algo,highway_mid,mid,1,sps,0.0,3,1,0.983541,0.9667564827586206,0.9900207586206896,1.0,11.8307,1912.2719357642716,185.92623538000007,510,104732,104732
network,denm_copies,hwmid_copies3_algo,highway_mid,mid,1,sps,0.0,3,2,0.977075,0.9371243230769231,0.9845024923076925,1.0,14.182,10448.928780148588,582.5873248600001,1258,333640,333640
network,denm_copies,hwmid_copies3_algo,highway_mid,mid,1,sps,0.0,3,3,0.97438,0.9715876562499999,0.9828138124999998,1.0,12.2455,2637.0084170432197,214.12971560000003,552,121358,121358
network,denm_copies,hwmid_copies3_algo,highway_mid,mid,1,sps,0.0,3,4,0.983208,0.9708259736842102,0.987634763157895,1.0,11.8269,2872.4438956390013,189.73614779999994,737,152178,152178
network,denm_copies,hwmid_copies3_algo,highway_mid,mid,1,sps,0.0,3,5,0.976256,0.9497555000000001,0.9849545396825398,1.0,13.8354,4361.915127425525,278.3166258759999,1434,314835,314835
network,denm_copies,hwmid_copies3_noalgo,highway_mid,mid,0,sps,0.0,3,1,0.984321,0.9837963333333333,0.9873556901408451,1.0,12.2667,10207.361947910136,597.6074539599996,18,394329,394329
network,denm_copies,hwmid_copies3_noalgo,highway_mid,mid,0,sps,0.0,3,2,0.985394,0.966667,0.9876331527777774,1.0,12.8722,13323.3265770658,710.7779216700001,6,391498,391498
network,denm_copies,hwmid_copies3_noalgo,highway_mid,mid,0,sps,0.0,3,3,0.982602,0.9733813333333333,0.9866247945205476,1.0,12.7907,8731.57987029584,544.2469420940001,26,385435,385435
network,denm_copies,hwmid_copies3_noalgo,highway_mid,mid,0,sps,0.0,3,4,0.985093,0.9901662857142857,0.9872415945945947,1.0,12.335,6954.814763667426,391.15616064000017,38,394002,394002
network,denm_copies,hwmid_copies3_noalgo,highway_mid,mid,0,sps,0.0,3,5,0.984009,0.9961931666666666,0.9875575774647888,1.0,12.5408,5607.708877832306,325.6262541299999,42,385455,385455
network,sched_pkeep,hwmid_dynamic_algo,highway_mid,mid,1,dynamic,0.0,1,1,0.978467,0.9684230344827587,0.9829416551724137,1.0,6.74418,1482.3615398453446,150.48771537000002,375,102820,102820
network,sched_pkeep,hwmid_dynamic_algo,highway_mid,mid,1,dynamic,0.0,1,2,0.978128,0.9297349999999998,0.986722333333333,1.0,8.74196,11011.682378898613,638.8024224799997,1115,335969,335969
network,sched_pkeep,hwmid_dynamic_algo,highway_mid,mid,1,dynamic,0.0,1,3,0.977204,0.9745216250000002,0.9852433124999997,1.0,6.48958,2597.877047949898,213.01372890000002,471,121547,121547
network,sched_pkeep,hwmid_dynamic_algo,highway_mid,mid,1,dynamic,0.0,1,4,0.981178,0.9518135000000003,0.9867750810810815,1.0,6.51843,3018.073778437271,220.30249295999988,563,151395,151395
network,sched_pkeep,hwmid_dynamic_algo,highway_mid,mid,1,dynamic,0.0,1,5,0.975207,0.9280512063492065,0.9867834761904761,1.0,9.12802,4799.8241087655215,323.83397667000014,1078,314516,314516
network,sched_pkeep,hwmid_dynamic_noalgo,highway_mid,mid,0,dynamic,0.0,1,1,0.98422,1.0,0.9849528450704224,1.0,7.59399,10207.361947910136,597.6074539599996,10,393704,393704
network,sched_pkeep,hwmid_dynamic_noalgo,highway_mid,mid,0,dynamic,0.0,1,2,0.985571,1.0,0.987293625,1.0,7.45467,13323.3265770658,710.7779216700001,4,390765,390765
network,sched_pkeep,hwmid_dynamic_noalgo,highway_mid,mid,0,dynamic,0.0,1,3,0.980614,0.9878968333333332,0.9856980136986302,1.0,7.83154,8731.57987029584,544.2469420940001,14,384939,384939
network,sched_pkeep,hwmid_dynamic_noalgo,highway_mid,mid,0,dynamic,0.0,1,4,0.984334,1.0,0.9862337027027026,1.0,7.96399,6954.814763667426,391.15616064000017,20,391938,391938
network,sched_pkeep,hwmid_dynamic_noalgo,highway_mid,mid,0,dynamic,0.0,1,5,0.984013,0.9986771666666666,0.9868253521126759,1.0,7.41179,5607.708877832306,325.6262541299999,22,386480,386480
network,sched_pkeep,hwmid_sps_pk0.0_algo,highway_mid,mid,1,sps,0.0,1,1,0.982655,0.9813379310344827,0.9880913103448276,1.0,11.6315,1719.1723275826248,162.56452851000006,394,104866,104866
network,sched_pkeep,hwmid_sps_pk0.0_algo,highway_mid,mid,1,sps,0.0,1,2,0.97855,0.9424553384615385,0.9846502000000003,1.0,14.0526,10448.928780148588,582.5873248600001,1068,332986,332986
network,sched_pkeep,hwmid_sps_pk0.0_algo,highway_mid,mid,1,sps,0.0,1,3,0.975023,0.9751759687500001,0.9832013437499997,1.0,12.2044,2637.0084170432197,214.12971560000003,464,121366,121366
network,sched_pkeep,hwmid_sps_pk0.0_algo,highway_mid,mid,1,sps,0.0,1,4,0.982516,0.9707956486486484,0.9876282432432433,1.0,12.0105,2939.00013108615,196.52549282999996,562,149235,149235
network,sched_pkeep,hwmid_sps_pk0.0_algo,highway_mid,mid,1,sps,0.0,1,5,0.976831,0.9527219843749998,0.9851996984126983,1.0,13.6119,4373.168435885331,284.564064976,1173,315070,315070
network,sched_pkeep,hwmid_sps_pk0.0_noalgo,highway_mid,mid,0,sps,0.0,1,1,0.984347,0.9722223333333333,0.9873932112676056,1.0,12.2548,10207.361947910136,597.6074539599996,10,394297,394297
network,sched_pkeep,hwmid_sps_pk0.0_noalgo,highway_mid,mid,0,sps,0.0,1,2,0.985392,1.0,0.987632458333333,1.0,12.8658,13323.3265770658,710.7779216700001,4,391501,391501
network,sched_pkeep,hwmid_sps_pk0.0_noalgo,highway_mid,mid,0,sps,0.0,1,3,0.982619,0.9776655,0.9866579863013697,1.0,12.7535,8731.57987029584,544.2469420940001,14,385463,385463
network,sched_pkeep,hwmid_sps_pk0.0_noalgo,highway_mid,mid,0,sps,0.0,1,4,0.985152,0.9857888571428572,0.9872922972972973,1.0,12.3147,6954.814763667426,391.15616064000017,20,394080,394080
network,sched_pkeep,hwmid_sps_pk0.0_noalgo,highway_mid,mid,0,sps,0.0,1,5,0.983974,0.9972883333333332,0.9875298309859156,1.0,12.5221,5607.708877832306,325.6262541299999,22,385490,385490
network,sched_pkeep,hwmid_sps_pk0.2_algo,highway_mid,mid,1,sps,0.2,1,1,0.980716,0.980190931034483,0.9828190000000001,1.0,11.6861,1719.1723275826248,162.56452851000006,394,104720,104720
network,sched_pkeep,hwmid_sps_pk0.2_algo,highway_mid,mid,1,sps,0.2,1,2,0.980455,0.9464738030303033,0.9864294999999998,1.0,13.421,10737.65648117812,652.6323361999997,1145,340055,340055
network,sched_pkeep,hwmid_sps_pk0.2_algo,highway_mid,mid,1,sps,0.2,1,3,0.977003,0.96960109375,0.9855594999999997,1.0,11.6003,2637.0084170432197,214.12971560000003,464,121956,121956
network,sched_pkeep,hwmid_sps_pk0.2_algo,highway_mid,mid,1,sps,0.2,1,4,0.981416,0.968492388888889,0.9860605384615385,1.0,12.1272,3308.84475580146,237.25729729999998,550,154379,154379
network,sched_pkeep,hwmid_sps_pk0.2_algo,highway_mid,mid,1,sps,0.2,1,5,0.978244,0.9577144920634924,0.9845016923076924,1.0,13.4986,5003.324135933752,382.23642169000004,1160,324992,324992
network,sched_pkeep,hwmid_sps_pk0.2_noalgo,highway_mid,mid,0,sps,0.2,1,1,0.982577,1.0,0.9850759014084505,1.0,12.8991,10207.361947910136,597.6074539599996,10,391931,391931
network,sched_pkeep,hwmid_sps_pk0.2_noalgo,highway_mid,mid,0,sps,0.2,1,2,0.985919,1.0,0.9882430833333333,1.0,12.3177,13323.3265770658,710.7779216700001,4,392428,392428
network,sched_pkeep,hwmid_sps_pk0.2_noalgo,highway_mid,mid,0,sps,0.2,1,3,0.98395,0.9958333333333332,0.9892985616438352,1.0,12.4015,8731.57987029584,544.2469420940001,14,385568,385568
network,sched_pkeep,hwmid_sps_pk0.2_noalgo,highway_mid,mid,0,sps,0.2,1,4,0.98506,0.9858425714285713,0.986191283783784,1.0,12.3697,6954.814763667426,391.15616064000017,20,394791,394791
network,sched_pkeep,hwmid_sps_pk0.2_noalgo,highway_mid,mid,0,sps,0.2,1,5,0.983603,1.0,0.9865133239436618,1.0,12.6065,5607.708877832306,325.6262541299999,22,384206,384206
network,sched_pkeep,hwmid_sps_pk0.4_algo,highway_mid,mid,1,sps,0.4,1,1,0.978041,0.9817957586206899,0.9810669999999998,1.0,12.2372,1719.1723275826248,162.56452851000006,394,104035,104035
network,sched_pkeep,hwmid_sps_pk0.4_algo,highway_mid,mid,1,sps,0.4,1,2,0.981531,0.9501477142857142,0.9876477142857146,1.0,13.467,10464.15074552258,616.6559739299996,1097,327432,327432
network,sched_pkeep,hwmid_sps_pk0.4_algo,highway_mid,mid,1,sps,0.4,1,3,0.975516,0.9607064999999999,0.9851615000000004,1.0,11.9374,2637.0084170432197,214.12971560000003,464,121552,121552
network,sched_pkeep,hwmid_sps_pk0.4_algo,highway_mid,mid,1,sps,0.4,1,4,0.97953,0.9626218611111109,0.9848917105263156,1.0,11.9798,3293.2714076215634,237.25729729999998,548,153414,153414
network,sched_pkeep,hwmid_sps_pk0.4_algo,highway_mid,mid,1,sps,0.4,1,5,0.97862,0.9529882812499998,0.9848615384615383,1.0,13.7644,4431.1189403264325,320.9847490699998,1136,323681,323681
network,sched_pkeep,hwmid_sps_pk0.4_noalgo,highway_mid,mid,0,sps,0.4,1,1,0.983829,1.0,0.987276014084507,1.0,12.371,10207.361947910136,597.6074539599996,10,393954,393954
network,sched_pkeep,hwmid_sps_pk0.4_noalgo,highway_mid,mid,0,sps,0.4,1,2,0.9855,1.0,0.9866667916666666,1.0,12.5702,13323.3265770658,710.7779216700001,4,390345,390345
network,sched_pkeep,hwmid_sps_pk0.4_noalgo,highway_mid,mid,0,sps,0.4,1,3,0.983429,0.9956140000000001,0.9892365479452055,1.0,12.1568,8731.57987029584,544.2469420940001,14,386104,386104
network,sched_pkeep,hwmid_sps_pk0.4_noalgo,highway_mid,mid,0,sps,0.4,1,4,0.984079,1.0,0.9865144864864867,1.0,12.3378,6954.814763667426,391.15616064000017,20,392991,392991
network,sched_pkeep,hwmid_sps_pk0.4_noalgo,highway_mid,mid,0,sps,0.4,1,5,0.983841,0.995098,0.9844075211267606,1.0,12.5601,5607.708877832306,325.6262541299999,22,386470,386470
network,sched_pkeep,hwmid_sps_pk0.6_algo,highway_mid,mid,1,sps,0.6,1,1,0.982137,0.9745531724137931,0.9884332413793102,1.0,11.7747,1719.1723275826248,162.56452851000006,394,105024,105024
network,sched_pkeep,hwmid_sps_pk0.6_algo,highway_mid,mid,1,sps,0.6,1,2,0.980454,0.9317906153846156,0.985547153846154,1.0,13.7207,10486.485331756014,626.1201451799999,1035,330629,330629
network,sched_pkeep,hwmid_sps_pk0.6_algo,highway_mid,mid,1,sps,0.6,1,3,0.978145,0.9719026875000002,0.9865840625,1.0,11.3689,2637.0084170432197,214.12971560000003,464,122277,122277
network,sched_pkeep,hwmid_sps_pk0.6_algo,highway_mid,mid,1,sps,0.6,1,4,0.979552,0.9633984594594593,0.9842435945945949,1.0,12.1115,3341.31324839165,237.25729729999998,580,146956,146956
network,sched_pkeep,hwmid_sps_pk0.6_algo,highway_mid,mid,1,sps,0.6,1,5,0.978102,0.9573246923076923,0.9839834461538465,1.0,13.6872,4646.533452092162,339.358633676,1121,321180,321180
network,sched_pkeep,hwmid_sps_pk0.6_noalgo,highway_mid,mid,0,sps,0.6,1,1,0.984309,1.0,0.9877152112676056,1.0,12.251,10207.361947910136,597.6074539599996,10,394416,394416
network,sched_pkeep,hwmid_sps_pk0.6_noalgo,highway_mid,mid,0,sps,0.6,1,2,0.989445,0.9,0.990310541666667,1.0,11.9313,13323.3265770658,710.7779216700001,4,390624,390624
network,sched_pkeep,hwmid_sps_pk0.6_noalgo,highway_mid,mid,0,sps,0.6,1,3,0.983598,0.9830930000000001,0.9889307260273972,1.0,12.5055,8731.57987029584,544.2469420940001,14,387627,387627
network,sched_pkeep,hwmid_sps_pk0.6_noalgo,highway_mid,mid,0,sps,0.6,1,4,0.984387,0.9963345714285714,0.9870425540540537,1.0,12.0399,6954.814763667426,391.15616064000017,20,391204,391204
network,sched_pkeep,hwmid_sps_pk0.6_noalgo,highway_mid,mid,0,sps,0.6,1,5,0.982277,0.9911816666666665,0.9838020845070427,1.0,12.7859,5607.708877832306,325.6262541299999,22,385039,385039
network,sched_pkeep,hwmid_sps_pk0.8_algo,highway_mid,mid,1,sps,0.8,1,1,0.97977,0.9757919999999999,0.9851324827586205,1.0,11.9236,1719.1723275826248,162.56452851000006,394,104371,104371
network,sched_pkeep,hwmid_sps_pk0.8_algo,highway_mid,mid,1,sps,0.8,1,2,0.983317,0.9512802000000004,0.9888296307692304,1.0,12.9378,10316.966001894907,567.39476827,1075,336453,336453
network,sched_pkeep,hwmid_sps_pk0.8_algo,highway_mid,mid,1,sps,0.8,1,3,0.973519,0.9796720312500001,0.98174046875,1.0,12.1705,2637.88531544772,214.2334226000001,474,121818,121818
network,sched_pkeep,hwmid_sps_pk0.8_algo,highway_mid,mid,1,sps,0.8,1,4,0.979484,0.9625967837837837,0.9841084324324324,1.0,12.6815,3460.7705137829175,237.25729729999998,582,148063,148063
network,sched_pkeep,hwmid_sps_pk0.8_algo,highway_mid,mid,1,sps,0.8,1,5,0.977003,0.9458609344262295,0.9794186562500001,1.0,13.9275,4122.942367940922,263.7965595400001,1099,316187,316187
network,sched_pkeep,hwmid_sps_pk0.8_noalgo,highway_mid,mid,0,sps,0.8,1,1,0.986883,1.0,0.9887820422535213,1.0,11.9205,10207.361947910136,597.6074539599996,10,391276,391276
network,sched_pkeep,hwmid_sps_pk0.8_noalgo,highway_mid,mid,0,sps,0.8,1,2,0.989146,0.85,0.9906754583333333,1.0,11.7904,13323.3265770658,710.7779216700001,4,392770,392770
network,sched_pkeep,hwmid_sps_pk0.8_noalgo,highway_mid,mid,0,sps,0.8,1,3,0.98368,1.0,0.9886388767123285,1.0,12.4258,8731.57987029584,544.2469420940001,14,387155,387155
network,sched_pkeep,hwmid_sps_pk0.8_noalgo,highway_mid,mid,0,sps,0.8,1,4,0.984102,1.0,0.9870710540540542,1.0,12.6207,6954.814763667426,391.15616064000017,20,394325,394325
network,sched_pkeep,hwmid_sps_pk0.8_noalgo,highway_mid,mid,0,sps,0.8,1,5,0.983036,0.9940476666666666,0.9834737042253523,1.0,12.4293,5607.708877832306,325.6262541299999,22,382749,382749
